01-001-001;DISPLAY 24 PZAS AMBIENTADOR PALMERA (SURTIDOS);Display 24 Pzas Ambientador Palmera (Surtidos);9170;;1;D24;
01-001-010;DISPLAY 24 PZAS AMBIENTADOR HOJA (SURTIDO);Display 24 Pzas Ambientador Hoja (Surtido);6850;;1;D24;
01-001-020;DISPLAY 24 PZAS AMBIENTADOR PINO (SURTIDOS);Display 24 Pzas Ambientador Pino (Surtidos);1930;;1;D24;
01-001-100;DISPLAY 12 PZAS AMBIENTADOR PLAYERO (SURTIDOS);Display 12 Pzas Ambientador Playero (Surtidos);2340;;1;D12;
01-002-001;DISPLAY 12 PZAS AMBIENTADOR GEL (SURTIDOS);Display 12 Pzas Ambientador Gel (Surtidos);110;;1;D12;
01-003-001;DISPLAY 24 PZAS AMBIENTADOR SPRAY (SURTIDOS);Display 24 Pzas Ambientador Spray (Surtidos);4170;;1;D24;
01-004-001;DISPLAY 12 PZAS AMB. A/A WHITE WHEEL (SURTIDOS);Display 12 Pzas Amb. A/A White Wheel (Surtidos);2770;;1;D12;
01-004-010;DISPLAY 12 PZAS AMB. A/A BLUE ICE (SURTIDOS);Display 12 Pzas Amb. A/A Blue Ice (Surtidos);210;;1;D12;
01-004-020;DISPLAY 12 PZAS AMB. A/A ELEGANCE (SURTIDOS);Display 12 Pzas Amb. A/A Elegance (Surtidos);210;;1;D12;
01-004-030;DISPLAY 12 PZAS AMB. A/A SPORT RACING (SURTIDOS);Display 12 Pzas Amb. A/A Sport Racing (Surtidos);3280;;1;D12;
01-010-001;SHAMPOO GALON;Shampoo Galon;1820;;1;UNID;
01-010-010;SHAMPOO LITRO;Shampoo Litro;7990;;1;UNID;
01-010-020;SHAMPOO TAMBOR 208 LTS;Shampoo Tambor 208 Lts;9480;;1;UNID;
01-100-001;REFRIGERANTE VERDE GALON;Refrigerante Verde Galon;7530;;1;UNID;
01-100-010;REFRIGERANTE VERDE TAMBOR 208 LTS;Refrigerante Verde Tambor 208 Lts;6780;;1;UNID;
01-101-001;REFRIGERANTE ROJO GALON;Refrigerante Rojo Galon;2940;;1;UNID
01-101-010;REFRIGERANTE ROJO TAMBOR 208 LTS;Refrigerante Rojo Tambor 208 Lts;3290;;1;UNID
01-110-001;WIPER GALON (LIQUIDO LIMPIAPARABRISAS);Wiper Galon (Liquido Limpiaparabrisas);4870;;1;UNID
01-110-010;WIPER LITRO (LIQUIDO LIMPIAPARABRISAS);Wiper Litro (Liquido Limpiaparabrisas);3120;;1;UNID
01-110-020;WIPER TAMBOR 208 LTS (LIQUIDO LIMPIAPARABRISAS);Wiper Tambor 208 Lts (Liquido Limpiaparabrisas);3340;;1;UNID
02-001-001;TAPASOL ALUMINIZADO ENRROLLABLE;Tapasol Aluminizado Enrrollable;3990;;2;UNID
02-001-005;TAPASOL ACORDEON (SURTIDO 4 COLORES);Tapasol Acordeon (Surtido 4 Colores);8070;;2;UNID
02-001-010;TAPASOL SPRING SHADE;Tapasol Spring Shade;4600;;2;UNID
02-010-100;COBERTOR PREMIUM PARA VEHICULO (TALLA M);Cobertor Premium Para Vehiculo (Talla M);530;;2;UNID
02-010-110;COBERTOR PREMIUM PARA VEHICULOS (TALLA XL);Cobertor Premium Para Vehiculos (Talla Xl);2110;;2;UNID
02-010-120;COBERTOR PREMIUM PARA VEHICULOS(TALLA 4X4);Cobertor Premium Para Vehiculos(Talla 4X4);6710;;2;UNID
02-020-001;CUBRE VOLANTES MASAJEADOR 3403 NEGRO;Cubre Volantes Masajeador 3403 Negro;770;;2;UNID
02-020-003;CUBRE VOLANTES MASAJEADOR 3201 FIBRA DE CARBONO;Cubre Volantes Masajeador 3201 Fibra De Carbono;4860;;2;UNID
02-020-005;CUBRE VOLANTES MASAJEADOR 3502 MADERA;Cubre Volantes Masajeador 3502 Madera;9070;;2;UNID
02-020-010;CUBRE VOLANTES DE LUJO 23513/1 NEGRO;Cubre Volantes De Lujo 23513/1 Negro;710;;2;UNID
02-020-012;CUBRE VOLANTES DE LUJO 3301 NEGRO Y GRIS;Cubre Volantes De Lujo 3301 Negro Y Gris;6460;;2;UNID
02-020-014;CUBRE VOLANTES DE LUJO 23516/7 NEGRO Y MARRON;Cubre Volantes De Lujo 23516/7 Negro Y Marron;8160;;2;UNID
02-020-016;CUBRE VOLANTES PREMIUM 51032 NEGRO;Cubre Volantes Premium 51032 Negro;5370;;2;UNID
02-020-018;CUBRE VOLANTES PREMIUM 51032 GRIS;Cubre Volantes Premium 51032 Gris;2200;;2;UNID
02-020-020;CUBRE VOLANTES PREMIUM 2401CUERO GRIS CLARO;Cubre Volantes Premium 2401Cuero Gris Claro;4210;;2;UNID
02-020-022;CUBRE VOLANTES PREMIUM 3903 CUERO GRIS OSCURO;Cubre Volantes Premium 3903 Cuero Gris Oscuro;9060;;2;UNID
02-020-024;CUBRE VOLANTES PREMIUM 23353/4 ERGONOMICO GRIS;Cubre Volantes Premium 23353/4 Ergonomico Gris;8640;;2;UNID
02-020-026;CUBRE VOLANTES PREMIUM 23353/1 ERGONOMICO NEGRO;Cubre Volantes Premium 23353/1 Ergonomico Negro;4170;;2;UNID
02-020-028;CUBRE VOLANTES PREMIUM 23550/1 SPORT GRIS;Cubre Volantes Premium 23550/1 Sport Gris;2070;;2;UNID
02-020-030;CUBRE VOLANTES PREMIUM 23550/1 SPORT NEGRO;Cubre Volantes Premium 23550/1 Sport Negro;650;;2;UNID
02-020-032;CUBRE VOLANTES PREMIUM 52002 FIBRA DE CARBONO NEGRO;Cubre Volantes Premium 52002 Fibra De Carbono Negro;2810;;2;UNID
02-020-034;CUBRE VOLANTES PREMIUM 52002 FIBRA DE CARBONO GRIS;Cubre Volantes Premium 52002 Fibra De Carbono Gris;5940;;2;UNID
02-020-050;CUBRE VOLANTES RACING CON BANDANAS NEGRO Y AZUL;Cubre Volantes Racing Con Bandanas Negro Y Azul;740;;2;UNID
02-020-052;CUBRE VOLANTES RACING CON BANDANAS AZUL Y GRIS;Cubre Volantes Racing Con Bandanas Azul Y Gris;9090;;2;UNID
02-020-054;CUBRE VOLANTES RACING CON BANDANAS AMARILLO Y NEGRO;Cubre Volantes Racing Con Bandanas Amarillo Y Negro;5100;;2;UNID
02-040-001;CUBRE ASIENTOS DE ALGODON;Cubre Asientos De Algodon;1840;;2;UNID
02-040-020;CUBRE ASIENTOS DE JACQUARD;Cubre Asientos De Jacquard;9980;;2;UNID
02-040-030;CUBRE ASIENTOS IMPERMEABLE (2 PZAS);Cubre Asientos Impermeable (2 Pzas);7260;;2;UNID
02-040-100;CUBRE ASIENTOS SPORT GRIS Y NEGRO;Cubre Asientos Sport Gris Y Negro;9770;;2;UNID
02-040-110;CUBRE ASIENTOS SPORT NEGRO Y GRIS;Cubre Asientos Sport Negro Y Gris;130;;2;UNID
02-040-610;CUBRE ASIENTOS RACING NEGRO Y GRIS;Cubre Asientos Racing Negro Y Gris;6600;;2;UNID
02-040-620;CUBRE ASIENTOS RACING AZUL Y GRIS;Cubre Asientos Racing Azul Y Gris;7710;;2;UNID
02-040-630;CUBRE ASIENTOS RACING AMARILLO Y NEGRO;Cubre Asientos Racing Amarillo Y Negro;3700;;2;UNID
02-110-001;PORTA BEBIDAS;Porta Bebidas;710;;2;UNID
02-120-010;PORTA CELULAR;Porta Celular;1910;;2;UNID
02-150-001;PORTA LENTES;Porta Lentes;240;;2;UNID
02-160-001;ESTUCHE PORTA 24 CDS;Estuche Porta 24 Cds;5070;;2;UNID
02-160-100;ESTUCHE PORTA 12 CDS DE TAPASOL;Estuche Porta 12 Cds De Tapasol;2730;;2;UNID
02-300-010;"TAZAS PREMIUM 13"" (ZT-887) (MODELO A)";"Tazas Premium 13"" (Zt-887) (Modelo A)";4460;;2;UNID
02-300-015;"TAZAS PREMIUM 13"" (ZT-1022) (MODELO B)";"Tazas Premium 13"" (Zt-1022) (Modelo B)";1800;;2;UNID
02-300-020;"TAZAS PREMIUM 13"" (ZT-868) (MODELO C)";"Tazas Premium 13"" (Zt-868) (Modelo C)";9390;;2;UNID
02-300-025;"TAZAS PREMIUM 13"" (ZT-8083) (MODELO D)";"Tazas Premium 13"" (Zt-8083) (Modelo D)";6500;;2;UNID
02-300-030;"TAZAS PREMIUM 13"" (ZT-9126) (MODELO E)";"Tazas Premium 13"" (Zt-9126) (Modelo E)";2470;;2;UNID
02-300-035;"TAZAS PREMIUM 13"" (ZT-9054) (MODELO F)";"Tazas Premium 13"" (Zt-9054) (Modelo F)";6560;;2;UNID
02-300-040;"TAZAS PREMIUM 13"" (ZT-8321) MODELO G)";"Tazas Premium 13"" (Zt-8321) Modelo G)";5690;;2;UNID
02-300-045;"TAZAS PREMIUM 13"" (ZT-8107) (MODELO H)";"Tazas Premium 13"" (Zt-8107) (Modelo H)";3500;;2;UNID
02-300-050;"TAZAS PREMIUM 13"" (ZT-1026) (MODELO I)";"Tazas Premium 13"" (Zt-1026) (Modelo I)";2130;;2;UNID
02-300-055;"TAZAS PREMIUM 13"" (ZT-1027) (MODELO J)";"Tazas Premium 13"" (Zt-1027) (Modelo J)";9420;;2;UNID
02-300-060;"TAZAS PREMIUM 13"" (ZT-1025) (MODELO K)";"Tazas Premium 13"" (Zt-1025) (Modelo K)";920;;2;UNID
02-302-010;"TAZAS PREMIUM 14"" (ZT-887) (MODELO A)";"Tazas Premium 14"" (Zt-887) (Modelo A)";7930;;2;UNID
02-302-015;"TAZAS PREMIUM 14"" (ZT-1022) (MODELO B)";"Tazas Premium 14"" (Zt-1022) (Modelo B)";2190;;2;UNID
02-302-020;"TAZAS PREMIUM 14"" (ZT868) (MODELO C)";"Tazas Premium 14"" (Zt868) (Modelo C)";6190;;2;UNID
02-302-025;"TAZAS PREMIUM 14"" (ZT-8083) (MODELO D)";"Tazas Premium 14"" (Zt-8083) (Modelo D)";1440;;2;UNID
02-302-030;"TAZAS PREMIUM 14"" (ZT-9126) (MODELO E)";"Tazas Premium 14"" (Zt-9126) (Modelo E)";4330;;2;UNID
02-302-035;"TAZAS PREMIUM 14"" (ZT-9054) (MODELO F)";"Tazas Premium 14"" (Zt-9054) (Modelo F)";8230;;2;UNID
02-302-040;"TAZAS PREMIUM 14"" (ZT-8321) (MODELO G)";"Tazas Premium 14"" (Zt-8321) (Modelo G)";7700;;2;UNID
02-302-045;"TAZAS PREMIUM 14"" (ZT-8107) (MODELO H)";"Tazas Premium 14"" (Zt-8107) (Modelo H)";2410;;2;UNID
02-302-050;"TAZAS PREMIUM 14"" (ZT-1026) (MODELO I)";"Tazas Premium 14"" (Zt-1026) (Modelo I)";9020;;2;UNID
02-302-055;"TAZAS PREMIUM 14"" (ZT-1027) (MODELO J)";"Tazas Premium 14"" (Zt-1027) (Modelo J)";850;;2;UNID
02-302-060;"TAZAS PREMIUM 14"" (ZT-1025) (MODELO K)";"Tazas Premium 14"" (Zt-1025) (Modelo K)";8350;;2;UNID
02-304-010;"TAZAS PREMIUM 15"" (ZT-887) (MODELO A)";"Tazas Premium 15"" (Zt-887) (Modelo A)";9750;;2;UNID
02-304-015;"TAZAS PREMIUM 15"" (ZT-1022) (MODELO B)";"Tazas Premium 15"" (Zt-1022) (Modelo B)";3590;;2;UNID
02-304-020;"TAZAS PREMIUM 15"" (ZT868) (MODELO C)";"Tazas Premium 15"" (Zt868) (Modelo C)";3070;;2;UNID
02-304-025;"TAZAS PREMIUM 15"" (ZT-8083) (MODELO D)";"Tazas Premium 15"" (Zt-8083) (Modelo D)";1490;;2;UNID
02-304-030;"TAZAS PREMIUM 15"" (ZT-9126) (MODELO E)";"Tazas Premium 15"" (Zt-9126) (Modelo E)";4180;;2;UNID
02-304-035;"TAZAS PREMIUM 15"" (ZT-9054) (MODELO F)";"Tazas Premium 15"" (Zt-9054) (Modelo F)";5240;;2;UNID
02-304-040;"TAZAS PREMIUM 15"" (ZT-8321) (MODELO G)";"Tazas Premium 15"" (Zt-8321) (Modelo G)";5960;;2;UNID
02-304-045;"TAZAS PREMIUM 15"" (ZT-8107) (MODELO H)";"Tazas Premium 15"" (Zt-8107) (Modelo H)";2470;;2;UNID
02-304-050;"TAZAS PREMIUM 15"" (ZT-1026) (MODELO I)";"Tazas Premium 15"" (Zt-1026) (Modelo I)";1780;;2;UNID
02-304-055;"TAZAS PREMIUM 15"" (ZT-1027) (MODELO J)";"Tazas Premium 15"" (Zt-1027) (Modelo J)";4880;;2;UNID
02-304-060;"TAZAS PREMIUM 15"" (ZT-1025) (MODELO K)";"Tazas Premium 15"" (Zt-1025) (Modelo K)";7660;;2;UNID
02-310-001;ESTERILLA CON IMANES NEGRO;Esterilla Con Imanes Negro;4040;;2;UNID
02-310-005;ESTERILLA CON IMANES GRIS;Esterilla Con Imanes Gris;2090;;2;UNID
02-310-010;ESTERILLA MASAJEADORA DE MADERA;Esterilla Masajeadora De Madera;9760;;2;UNID
02-310-100;ESTERILLA TUNING AZUL Y NEGRO;Esterilla Tuning Azul Y Negro;4270;;2;UNID
02-310-110;ESTERILLA TUNING GRIS Y NEGRO;Esterilla Tuning Gris Y Negro;1700;;2;UNID
02-310-120;ESTERILLA TUNING GRIS Y AZUL;Esterilla Tuning Gris Y Azul;2260;;2;UNID
02-400-001;ADAPTADOR DE SALIDA TRIPLE;Adaptador De Salida Triple;2110;;2;UNID
02-410-001;LUZ DE MAPA;Luz De Mapa;9490;;2;UNID
03-001-001;HIDROLAVADORA A2020;Hidrolavadora A2020;1220;;3;UNID
03-010-001;ASPIRADORA CON TANQUE Y FILTRO LAVABLE;Aspiradora Con Tanque Y Filtro Lavable;9700;;3;UNID
03-010-010;SUPER ASPIRADORA HUMEDO/SECO;Super Aspiradora Humedo/Seco;3540;;3;UNID
03-020-010;ESPONJAS DE COLORES TIPO HUESO;Esponjas De Colores Tipo Hueso;1500;;3;UNID
03-020-020;"ESPONJA DE PVA EN FORMA DE ""D""";"Esponja De Pva En Forma De ""D""";1450;;3;UNID
03-030-010;MINI HARAGAN LIMPIAVIDRIOS CON DEPOSITO;Mini Haragan Limpiavidrios Con Deposito;6370;;3;UNID
03-040-001;CUERO PARA AUTOMOVILES PEQUEÑO;Cuero Para Automoviles Pequeño;490;;3;UNID
03-040-010;CUERO PARA AUTOMOVILES GRANDE;Cuero Para Automoviles Grande;7930;;3;UNID
03-042-010;SET DE 4 PIEZAS DE PAÑOS DE MICRO FIBRA PARA AUTOS;Set De 4 Piezas De Paños De Micro Fibra Para Autos;5540;;3;UNID
03-100-001;BOMBA DE AIRE DE PIE CON MANOMETRO;Bomba De Aire De Pie Con Manometro;1910;;3;UNID
03-100-010;BOMBA DE AIRE DE MANO CON MANOMETRO;Bomba De Aire De Mano Con Manometro;8770;;3;UNID
03-110-001;MINI COMPRESOR 250 PSI (CAUDAL POR PULSO);Mini Compresor 250 Psi (Caudal Por Pulso);2890;;3;UNID
03-110-005;MINI COMPRESOR METALICO 250 PSI (CAUDALCONTINUO);Mini Compresor Metalico 250 Psi (Caudalcontinuo);5470;;3;UNID
03-110-010;COMPRESOR DE AIRE 3 EN 1 (300 PSI);Compresor De Aire 3 En 1 (300 Psi);4540;;3;UNID
03-120-001;MEDIDOR DE PRESION DE AIRE TIPO LAPIZ;Medidor De Presion De Aire Tipo Lapiz;9390;;3;UNID
03-130-001;"LLAVE DE CRUZ DE 14""";"Llave De Cruz De 14""";400;;3;UNID
03-130-010;"LLAVE DE CRUZ DE 20""";"Llave De Cruz De 20""";1030;;3;UNID
03-130-020;"LLAVE DE CRUZ DE 25""";"Llave De Cruz De 25""";3900;;3;UNID
03-132-001;LLAVE DE ARTILLERIA 1 1/16 X 1 1/4;Llave De Artilleria 1 1/16 X 1 1/4;9720;;3;UNID
03-132-010;LLAVE DE ARTILLERIA 1 1/8 X 1 1/4;Llave De Artilleria 1 1/8 X 1 1/4;6440;;3;UNID
03-132-020;LLAVE DE ARTILLERIA 1 X 1 1/4;Llave De Artilleria 1 X 1 1/4;4050;;3;UNID
03-132-030;LLAVE DE ARTILLERIA 1 5/16 X 1 1/4;Llave De Artilleria 1 5/16 X 1 1/4;2520;;3;UNID
03-140-001;GATO DE BOTELLA (2 TON);Gato De Botella (2 Ton);5910;;3;UNID
03-140-020;GATO DE BOTELLA (4 TON);Gato De Botella (4 Ton);4470;;3;UNID
03-140-040;GATO DE BOTELLA (6 TON);Gato De Botella (6 Ton);6250;;3;UNID
03-140-050;GATO DE BOTELLA (8 TON);Gato De Botella (8 Ton);3830;;3;UNID
03-140-060;GATO DE BOTELLA (10 TON);Gato De Botella (10 Ton);7050;;3;UNID
03-140-070;GATO DE BOTELLA (12 TON);Gato De Botella (12 Ton);220;;3;UNID
03-140-080;GATO DE BOTELLA (20 TON);Gato De Botella (20 Ton);3490;;3;UNID
03-140-090;GATO DE BOTELLA (30 TON);Gato De Botella (30 Ton);7280;;3;UNID
03-140-100;GATO DE BOTELLA (50 TON);Gato De Botella (50 Ton);8120;;3;UNID
03-141-001;GATO DE BOTELLA CON ESTUCHE (2 TON);Gato De Botella Con Estuche (2 Ton);5590;;3;UNID
03-141-010;GATO DE BOTELLA CON ESTUCHE (4 TON);Gato De Botella Con Estuche (4 Ton);1400;;3;UNID
03-141-020;GATO DE BOTELLA CON ESTUCHE (6 TON);Gato De Botella Con Estuche (6 Ton);8860;;3;UNID
03-142-001;GATO CAIMAN (2 TON);Gato Caiman (2 Ton);9390;;3;UNID
03-142-010;GATO CAIMAN PREMIUM 2 TON;Gato Caiman Premium 2 Ton;2230;;3;UNID
03-143-001;GATO CAIMAN CON ESTUCHE (2 TON);Gato Caiman Con Estuche (2 Ton);1450;;3;UNID
03-144-010;GATO CAIMAN 2 1/2 TON DE TALLER;Gato Caiman 2 1/2 Ton De Taller;1090;;3;UNID
03-145-010;"GATO PARA RUSTICOS HIGH LIFT 48""";"Gato Para Rusticos High Lift 48""";7980;;3;UNID
03-150-010;SOPORTES DE VEHICULO (BURROS) PARA MECANICO (2 TON) PLEGABLES;Soportes De Vehiculo (Burros) Para Mecanico (2 Ton) Plegables;9320;;3;UNID
03-150-020;SOPORTES DE VEHICULO (BURROS) PARA MECANICO (4 TON);Soportes De Vehiculo (Burros) Para Mecanico (4 Ton);8340;;3;UNID
03-230-001;KIT VIAL DE EMERGENCIA;Kit Vial De Emergencia;1490;;3;UNID
03-240-001;CEPILLO LIMPIABORNES;Cepillo Limpiabornes;7590;;3;UNID
03-250-001;"LLAVE SACABUJIAS 5/8""";"Llave Sacabujias 5/8""";4970;;3;UNID
03-250-010;"LLAVE SACABUJIAS 13/16""";"Llave Sacabujias 13/16""";3580;;3;UNID
03-250-100;"LLAVE SACABUJIAS PROFESIONAL 13/16"" Y 5/8"" CROMO VANADIO";"Llave Sacabujias Profesional 13/16"" Y 5/8"" Cromo Vanadio";3870;;3;UNID
03-300-001;CABLE AUXILIAR 150 AMP CON ESTUCHE;Cable Auxiliar 150 Amp Con Estuche;100;;3;UNID
03-300-005;CABLE AUXILIAR 250 AMP CON ESTUCHE;Cable Auxiliar 250 Amp Con Estuche;1770;;3;UNID
03-300-010;CABLE AUXILIAR 500 AMP CON ESTUCHE;Cable Auxiliar 500 Amp Con Estuche;1190;;3;UNID
03-310-001;TRIANGULO DE SEGURIDAD EXTRA REFLECTIVO;Triangulo De Seguridad Extra Reflectivo;1200;;3;UNID
03-312-001;"CONO DE SEGURIDAD 10""";"Cono De Seguridad 10""";270;;3;UNID
03-312-010;"CONO DE SEGURIDAD 18""";"Cono De Seguridad 18""";5090;;3;UNID
03-312-020;"CONO DE SEGURIDAD 28""";"Cono De Seguridad 28""";5210;;3;UNID
03-312-030;"CONO DE SEGURIDAD PLEGABLE 18""";"Cono De Seguridad Plegable 18""";4870;;3;UNID
03-320-001;LAMPARA DE EMERGENCIA (ENCENDEDOR Y BATERIA);Lampara De Emergencia (Encendedor Y Bateria);9030;;3;UNID
03-320-010;LAMPARA FLUORESCENTE (ENCENDEDOR Y BATERIA);Lampara Fluorescente (Encendedor Y Bateria);5880;;3;UNID
03-340-001;EXTINTOR 2.5 LBS (POLVO QUIMICO SECO ABC);Extintor 2.5 Lbs (Polvo Quimico Seco Abc);8320;;3;UNID
03-340-010;EXTINTOR 5 LBS (POLVO QUIMICO SECO ABC);Extintor 5 Lbs (Polvo Quimico Seco Abc);7780;;3;UNID
03-340-020;EXTINTOR 10 LBS (POLVO QUIMICO SECO ABC);Extintor 10 Lbs (Polvo Quimico Seco Abc);3360;;3;UNID
03-340-030;EXTINTOR 20 LBS (POLVO QUIMICO SECO ABC);Extintor 20 Lbs (Polvo Quimico Seco Abc);2640;;3;UNID
04-140-001;CINTA METRICA 3 MTS;Cinta Metrica 3 Mts;5850;;4;UNID
04-140-010;CINTA METRICA 5 MTS;Cinta Metrica 5 Mts;4740;;4;UNID
04-140-020;CINTA METRICA 8 MTS;Cinta Metrica 8 Mts;8260;;4;UNID
04-170-001;KIT DE CARPINTERIA 48 PZAS;Kit De Carpinteria 48 Pzas;1220;;4;UNID
04-170-050;KIT DE 10 PIEZAS MECHAS Y PUNTAS;Kit De 10 Piezas Mechas Y Puntas;5590;;4;UNID
04-170-060;KIT DE 500 PIEZAS MECHAS Y RAMPLUG;Kit De 500 Piezas Mechas Y Ramplug;5370;;4;UNID
04-170-070;KIT DE 19 PIEZAS MECHAS DE TITANIO;Kit De 19 Piezas Mechas De Titanio;640;;4;UNID
04-520-001;"TEFLON DE 1/2""";"Teflon De 1/2""";8790;;4;UNID
04-520-010;"TEFLON DE 3/4""";"Teflon De 3/4""";8010;;4;UNID
04-520-020;"TEFLON DE 1""";"Teflon De 1""";7360;;4;UNID
04-550-001;DISPENSADOR DE CINTA DE EMBALAR;Dispensador De Cinta De Embalar;8380;;4;UNID
04-600-001;"CANILLA ACERO 1/2"" X 1/2"" (CONECTOR DE BRONCE)";"Canilla Acero 1/2"" X 1/2"" (Conector De Bronce)";3100;;4;UNID
04-600-010;"CANILLA ACERO 1/2"" X 5/8"" (CONECTOR DE BRONCE)";"Canilla Acero 1/2"" X 5/8"" (Conector De Bronce)";2850;;4;UNID
04-700-010;REGLETA MULTITOMA MASTER PLUG (BLANCA);Regleta Multitoma Master Plug (Blanca);5600;;4;UNID
04-710-010;PROTECTOR DE PICOS MASTER PLUG (75 JOULES);Protector De Picos Master Plug (75 Joules);2940;;4;UNID
05-001-001;EMP. 10 PZAS BOMBILLO 9004 HALOGENO (100/80W);Emp. 10 Pzas Bombillo 9004 Halogeno (100/80W);9310;;5;E10
05-001-005;EMP. 10 PZAS BOMBILLO 9004 HALOGENO (60/55W);Emp. 10 Pzas Bombillo 9004 Halogeno (60/55W);3490;;5;E10
05-001-010;EMP. 10 PZAS BOMBILLO 9004 HALOGENO (130/100W);Emp. 10 Pzas Bombillo 9004 Halogeno (130/100W);560;;5;E10
05-001-020;EMP. 10 PZAS BOMBILLO 9005 HALOGENO (80W);Emp. 10 Pzas Bombillo 9005 Halogeno (80W);320;;5;E10
05-001-025;EMP. 10 PZAS BOMBILLO 9005 HALOGENO (100W);Emp. 10 Pzas Bombillo 9005 Halogeno (100W);8530;;5;E10
05-001-040;EMP. 10 PZAS BOMBILLO 9006 HALOGENO (80W);Emp. 10 Pzas Bombillo 9006 Halogeno (80W);660;;5;E10
05-001-045;EMP. 10 PZAS BOMBILLO 9006 HALOGENO (100W);Emp. 10 Pzas Bombillo 9006 Halogeno (100W);1940;;5;E10
05-001-060;EMP. 10 PZAS BOMBILLO 9007 HALOGENO (100/80W);Emp. 10 Pzas Bombillo 9007 Halogeno (100/80W);1730;;5;E10
05-001-065;EMP. 10 PZAS BOMBILLO 9007 HALOGENO (60/55W);Emp. 10 Pzas Bombillo 9007 Halogeno (60/55W);9090;;5;E10
05-001-070;EMP. 10 PZAS BOMBILLO 9007 HALOGENO (130/100W);Emp. 10 Pzas Bombillo 9007 Halogeno (130/100W);3030;;5;E10
05-002-001;EMP. 10 PZAS BOMBILLO H1 HALOGENO (55W);Emp. 10 Pzas Bombillo H1 Halogeno (55W);1940;;5;E10
05-002-005;EMP. 10 PZAS BOMBILLO H1 HALOGENO (100W);Emp. 10 Pzas Bombillo H1 Halogeno (100W);1790;;5;E10
05-002-040;EMP. 10 PZAS BOMBILLO H3 HALOGENO (55W);Emp. 10 Pzas Bombillo H3 Halogeno (55W);6410;;5;E10
05-002-045;EMP. 10 PZAS BOMBILLO H3 HALOGENO (100W);Emp. 10 Pzas Bombillo H3 Halogeno (100W);2840;;5;E10
05-002-060;EMP. 10 PZAS BOMBILLO H4 P43T  HALOGENO (100/90W);Emp. 10 Pzas Bombillo H4 P43T  Halogeno (100/90W);2360;;5;E10
05-002-065;EMP. 10 PZAS BOMBILLO H4 P43T  HALOGENO (60/55W);Emp. 10 Pzas Bombillo H4 P43T  Halogeno (60/55W);9810;;5;E10
05-002-070;EMP. 10 PZAS BOMBILLO H4 P43T  HALOGENO (130/100W);Emp. 10 Pzas Bombillo H4 P43T  Halogeno (130/100W);7870;;5;E10
05-002-080;EMP. 10 PZAS BOMBILLO  H4 P45T HALOGENO (100/90W);Emp. 10 Pzas Bombillo  H4 P45T Halogeno (100/90W);1920;;5;E10
05-002-085;EMP. 10 PZAS BOMBILLO  H4 P45T HALOGENO (60/55W);Emp. 10 Pzas Bombillo  H4 P45T Halogeno (60/55W);6950;;5;E10
05-002-090;EMP. 10 PZAS BOMBILLO  H4 P45T HALOGENO (130/100W);Emp. 10 Pzas Bombillo  H4 P45T Halogeno (130/100W);3710;;5;E10
05-002-100;EMP. 10 PZAS BOMBILLO  H7 HALOGENO (55W);Emp. 10 Pzas Bombillo  H7 Halogeno (55W);1190;;5;E10
05-002-105;EMP. 10 PZAS BOMBILLO  H7 HALOGENO (100W);Emp. 10 Pzas Bombillo  H7 Halogeno (100W);7250;;5;E10
05-003-001;EMP. 10 PZAS BOMBILLO 9004 XENON (100/80W);Emp. 10 Pzas Bombillo 9004 Xenon (100/80W);6610;;5;E10
05-003-005;EMP. 10 PZAS BOMBILLO 9004 XENON (60/55W);Emp. 10 Pzas Bombillo 9004 Xenon (60/55W);3500;;5;E10
05-003-010;EMP. 10 PZAS BOMBILLO 9004 XENON (130/100W);Emp. 10 Pzas Bombillo 9004 Xenon (130/100W);6800;;5;E10
05-003-020;EMP. 10 PZAS BOMBILLO 9005 XENON (80W);Emp. 10 Pzas Bombillo 9005 Xenon (80W);3620;;5;E10
05-003-025;EMP. 10 PZAS BOMBILLO 9005 XENON (100W);Emp. 10 Pzas Bombillo 9005 Xenon (100W);4430;;5;E10
05-003-040;EMP. 10 PZAS BOMBILLO 9006 XENON (80W);Emp. 10 Pzas Bombillo 9006 Xenon (80W);5670;;5;E10
05-003-045;EMP. 10 PZAS BOMBILLO 9006 XENON (100W);Emp. 10 Pzas Bombillo 9006 Xenon (100W);210;;5;E10
05-003-060;EMP. 10 PZAS BOMBILLO 9007 XENON (100/80W);Emp. 10 Pzas Bombillo 9007 Xenon (100/80W);9590;;5;E10
05-003-065;EMP. 10 PZAS BOMBILLO 9007 XENON (60/55W);Emp. 10 Pzas Bombillo 9007 Xenon (60/55W);8870;;5;E10
05-003-070;EMP. 10 PZAS BOMBILLO 9007 XENON (130/100W);Emp. 10 Pzas Bombillo 9007 Xenon (130/100W);5820;;5;E10
05-004-001;EMP. 10 PZAS BOMBILLO H1 XENON (55W);Emp. 10 Pzas Bombillo H1 Xenon (55W);1510;;5;E10
05-004-005;EMP. 10 PZAS BOMBILLO H1 XENON (100W);Emp. 10 Pzas Bombillo H1 Xenon (100W);4070;;5;E10
05-004-040;EMP. 10 PZAS BOMBILLO H3 XENON (55W);Emp. 10 Pzas Bombillo H3 Xenon (55W);7110;;5;E10
05-004-045;EMP. 10 PZAS BOMBILLO H3 XENON (100W);Emp. 10 Pzas Bombillo H3 Xenon (100W);450;;5;E10
05-004-060;EMP. 10 PZAS BOMBILLO H4 P43T XENON (100/90W);Emp. 10 Pzas Bombillo H4 P43T Xenon (100/90W);2250;;5;E10
05-004-065;EMP. 10 PZAS BOMBILLO H4 P43T XENON (60/55W);Emp. 10 Pzas Bombillo H4 P43T Xenon (60/55W);8590;;5;E10
05-004-070;EMP. 10 PZAS BOMBILLO H4 P43T XENON (130/100W);Emp. 10 Pzas Bombillo H4 P43T Xenon (130/100W);9020;;5;E10
05-004-080;EMP. 10 PZAS BOMBILLO H4 P45T XENON (100/90W);Emp. 10 Pzas Bombillo H4 P45T Xenon (100/90W);6750;;5;E10
05-004-085;EMP. 10 PZAS BOMBILLO H4 P45T XENON (60/55W);Emp. 10 Pzas Bombillo H4 P45T Xenon (60/55W);5880;;5;E10
05-004-090;EMP. 10 PZAS BOMBILLO H4 P45T XENON (130/100W);Emp. 10 Pzas Bombillo H4 P45T Xenon (130/100W);6630;;5;E10
05-004-100;EMP. 10 PZAS BOMBILLO H7 XENON (55W);Emp. 10 Pzas Bombillo H7 Xenon (55W);8510;;5;E10
05-004-105;EMP. 10 PZAS BOMBILLO H7 XENON (100W);Emp. 10 Pzas Bombillo H7 Xenon (100W);7720;;5;E10
05-005-001;CAJA DE 100 PZAS BOMBILLO AUTOMOTRIZ Nº53;Caja De 100 Pzas Bombillo Automotriz Nº53;9120;;5;C100
05-005-010;CAJA DE 50 PZAS BOMBILLO AUTOMOTRIZ Nº 57;Caja De 50 Pzas Bombillo Automotriz Nº 57;9820;;5;C50
05-005-020;CAJA DE 10 PZAS BOMBILLO AUTOMOTRIZ Nº 67;Caja De 10 Pzas Bombillo Automotriz Nº 67;2870;;5;C10
05-005-030;CAJA DE 10 PZAS BOMBILLO 1034 (DOBLE CONTACTO);Caja De 10 Pzas Bombillo 1034 (Doble Contacto);2100;;5;C10
05-005-040;CAJA DE 10 PZAS BOMBILLO 1073 (UN CONTACTO);Caja De 10 Pzas Bombillo 1073 (Un Contacto);1720;;5;C10
05-005-050;CAJA DE 100 PZAS BOMBILLO T-5 (B-73) MUELITA;Caja De 100 Pzas Bombillo T-5 (B-73) Muelita;1330;;5;C100
05-005-060;CAJA DE 100 PZAS BOMBILLO T-10 (B-158) MUELA;Caja De 100 Pzas Bombillo T-10 (B-158) Muela;9320;;5;C100
05-005-070;CAJA DE 10 PZAS BOMBILLO T-15 (B-912) MUELA GDE.;Caja De 10 Pzas Bombillo T-15 (B-912) Muela Gde.;2860;;5;C10
05-005-080;CAJA DE 10 PZAS BOMBILLO T20-1 (UN CONTACTO);Caja De 10 Pzas Bombillo T20-1 (Un Contacto);8350;;5;C10
05-005-090;CAJA DE 10 PZAS BOMBILLO T20-2 (DOBLE CONTACTO);Caja De 10 Pzas Bombillo T20-2 (Doble Contacto);7940;;5;C10
05-005-100;CAJA DE 10 PZAS BOMBILLO 3156 (UN CONTACTO);Caja De 10 Pzas Bombillo 3156 (Un Contacto);8140;;5;C10
05-005-110;CAJA DE 10 PZAS BOMBILLO 3157 (DOBLE CONTACTO);Caja De 10 Pzas Bombillo 3157 (Doble Contacto);3480;;5;C10
05-040-001;FLASHER 552 TERMICO;Flasher 552 Termico;7190;;5;UNID
05-040-010;FLASHER 550 TERMICO;Flasher 550 Termico;8720;;5;UNID
05-041-001;FLASHER 552 ELECTRONICO;Flasher 552 Electronico;8600;;5;UNID
05-041-010;FLASHER 550 ELECTRONICO;Flasher 550 Electronico;9410;;5;UNID
05-100-010;RELE SPARK 5 PATAS (INVERSION DE POLARIDAD);Rele Spark 5 Patas (Inversion De Polaridad);4780;;5;UNID
05-100-050;RELE HR-112 3 PATAS METALICO;Rele Hr-112 3 Patas Metalico;6110;;5;UNID
05-100-060;RELE HR-95 DE CORNETA (GM);Rele Hr-95 De Corneta (Gm);8000;;5;UNID
05-100-070;RELE NLR-132 DE LUCES DUAL CON FUSIBLES MODERNOS;Rele Nlr-132 De Luces Dual Con Fusibles Modernos;8880;;5;UNID
05-100-080;RELE NLR-112 DE LUCES DUAL CON FUSIBLES DE VIDRIO;Rele Nlr-112 De Luces Dual Con Fusibles De Vidrio;6850;;5;UNID
05-110-010;CAJA DE 10 PZAS. MICRO SWITCH DE PALANCA (2 PASES, 2 PATAS);Caja De 10 Pzas. Micro Switch De Palanca (2 Pases, 2 Patas);4850;;5;UNID
05-110-020;CAJA DE 10 PZAS. MICRO SWITCH DE PALANCA (2 PASES, 3 PATAS);Caja De 10 Pzas. Micro Switch De Palanca (2 Pases, 3 Patas);1010;;5;UNID
05-111-010;EMP. DE 10 PZAS. INTERRUPTOR VENTANA ELECTRICA UNIVERSAL;Emp. De 10 Pzas. Interruptor Ventana Electrica Universal;3190;;5;UNID
05-210-001;"ELECTROVENTILADOR UNIVERSAL 9""";"Electroventilador Universal 9""";4580;;5;UNID
05-210-010;"ELECTROVENTILADOR UNIVERSAL 10""";"Electroventilador Universal 10""";9680;;5;UNID
05-210-020;"ELECTROVENTILADOR UNIVERSAL 12""";"Electroventilador Universal 12""";9770;;5;UNID
05-210-030;"ELECTROVENTILADOR UNIVERSAL 14""";"Electroventilador Universal 14""";3340;;5;UNID
05-220-001;JUEGO DE CORNETAS CROMADAS CON REJILLA (V-1210);Juego De Cornetas Cromadas Con Rejilla (V-1210);8720;;5;UNID
05-220-005;JUEGO DE CORNETAS PLATILLO NEGRAS (V-1595);Juego De Cornetas Platillo Negras (V-1595);4680;;5;UNID
05-220-010;CORNETA PLATILLO NEGRA TONO GRAVE (V-1295L);Corneta Platillo Negra Tono Grave (V-1295L);5390;;5;UNID
05-220-015;CORNETA PLATILLO NEGRA TONO AGUDO (V-1295H);Corneta Platillo Negra Tono Agudo (V-1295H);8560;;5;UNID
05-220-020;JUEGO DE CORNETAS PLATILLO PLATEADAS (V-1590);Juego De Cornetas Platillo Plateadas (V-1590);9140;;5;UNID
05-220-025;CORNETA PLATILLO PLATEADA TONO GRAVE (V-1590L);Corneta Platillo Plateada Tono Grave (V-1590L);8600;;5;UNID
05-220-030;CORNETA PLATILLO PLATEADA TONO AGUDO (V-1590H);Corneta Platillo Plateada Tono Agudo (V-1590H);7990;;5;UNID
05-220-040;JUEGO DE CORNETAS CARACOL (V-1675);Juego De Cornetas Caracol (V-1675);7240;;5;UNID
05-220-050;JUEGO DE CORNETAS CARACOL CON REJILLA (V-1680);Juego De Cornetas Caracol Con Rejilla (V-1680);2040;;5;UNID
05-220-060;KIT DE TROMPETAS DE AIRE (V-1460);Kit De Trompetas De Aire (V-1460);4890;;5;UNID
05-250-010;ALARMA ELECTRONICA PARA VEHICULOS;Alarma Electronica Para Vehiculos;9900;;5;UNID
05-250-020;ALARMA ELECTRONICA PREMIUM PARA VEHICULOS;Alarma Electronica Premium Para Vehiculos;8700;;5;UNID
05-250-030;ALARMA ELECTRONICA ULTRA DE 2 VIAS PARA VEHICULOS;Alarma Electronica Ultra De 2 Vias Para Vehiculos;4400;;5;UNID
05-251-010;CONTROL REMOTO PARA ALARMA ELECTRONICA;Control Remoto Para Alarma Electronica;2900;;5;UNID
05-251-020;CONTROL REMOTO PARA ALARMA ELECTRONICA PREMIUM;Control Remoto Para Alarma Electronica Premium;2550;;5;UNID
05-251-030;CONTROL REMOTO PARA ALARMA ELECTRONICA ULTRA DE 2 VIAS;Control Remoto Para Alarma Electronica Ultra De 2 Vias;5460;;5;UNID
05-252-010;SIRENA ELECTRONICA DE 6 TONOS 12V.;Sirena Electronica De 6 Tonos 12V.;3770;;5;UNID
05-252-020;SENSOR DE IMPACTO PARA ALARMAS;Sensor De Impacto Para Alarmas;4870;;5;UNID
05-254-010;SELENOIDE DE PUERTAS ELECTRICAS (2 CABLES);Selenoide De Puertas Electricas (2 Cables);7400;;5;UNID
05-254-020;SELENOIDE DE PUERTAS ELECTRICAS (5 CABLES);Selenoide De Puertas Electricas (5 Cables);5410;;5;UNID
05-254-030;KIT DE SEGUROS ELECTRICOS PARA 2 PUERTAS;Kit De Seguros Electricos Para 2 Puertas;7220;;5;UNID
05-254-040;KIT DE SEGUROS ELECTRICOS PARA 4 PUERTAS;Kit De Seguros Electricos Para 4 Puertas;6690;;5;UNID
05-255-010;MODULO POWER WINDOWS;Modulo Power Windows;6850;;5;UNID
05-260-010;SENSOR ELECTRONICO DE APARCAMIENTO;Sensor Electronico De Aparcamiento;2580;;5;UNID
06-040-010;"CEPILLO LIMPIAPARABRISAS 12""";"Cepillo Limpiaparabrisas 12""";9690;;6;UNID
06-040-015;"CEPILLO LIMPIAPARABRISAS 14""";"Cepillo Limpiaparabrisas 14""";2460;;6;UNID
06-040-020;"CEPILLO LIMPIAPARABRISAS 16""";"Cepillo Limpiaparabrisas 16""";9230;;6;UNID
06-040-025;"CEPILLO LIMPIAPARABRISAS 18""";"Cepillo Limpiaparabrisas 18""";790;;6;UNID
06-040-030;"CEPILLO LIMPIAPARABRISAS 20""";"Cepillo Limpiaparabrisas 20""";7980;;6;UNID
06-040-100;"CEPILLO LIMPIAPARABRISAS MIXTO 16"" Y 18""";"Cepillo Limpiaparabrisas Mixto 16"" Y 18""";6220;;6;UNID
06-041-010;"JUEGO DE CEPILLOS LIMPIAPARABRISAS 12"" PREMIUM DE SILICON";"Juego De Cepillos Limpiaparabrisas 12"" Premium De Silicon";480;;6;UNID
06-041-015;"JUEGO DE CEPILLOS LIMPIAPARABRISAS 14"" PREMIUM DE SILICON";"Juego De Cepillos Limpiaparabrisas 14"" Premium De Silicon";650;;6;UNID
06-041-020;"JUEGO DE CEPILLOS LIMPIAPARABRISAS 16"" PREMIUM DE SILICON";"Juego De Cepillos Limpiaparabrisas 16"" Premium De Silicon";8510;;6;UNID
06-041-025;"JUEGO DE CEPILLOS LIMPIAPARABRISAS 18"" PREMIUM DE SILICON";"Juego De Cepillos Limpiaparabrisas 18"" Premium De Silicon";9630;;6;UNID
06-041-030;"JUEGO DE CEPILLOS LIMPIAPARABRISAS 20"" PREMIUM DE SILICON";"Juego De Cepillos Limpiaparabrisas 20"" Premium De Silicon";5960;;6;UNID
06-041-035;"JUEGO DE CEPILLOS LIMPIAPARABRISAS 22"" PREMIUM DE SILICON";"Juego De Cepillos Limpiaparabrisas 22"" Premium De Silicon";6210;;6;UNID
06-140-010;CRUCETA 315G;Cruceta 315G;1830;;6;UNID
06-140-020;CRUCETA 319;Cruceta 319;2470;;6;UNID
06-140-030;CRUCETA 329;Cruceta 329;2910;;6;UNID
06-140-040;CRUCETA 330;Cruceta 330;8170;;6;UNID
06-140-050;CRUCETA 331;Cruceta 331;9640;;6;UNID
06-140-060;CRUCETA 351;Cruceta 351;5860;;6;UNID
06-140-070;CRUCETA 354;Cruceta 354;510;;6;UNID
06-140-080;CRUCETA 369;Cruceta 369;2750;;6;UNID
06-140-090;CRUCETA 371;Cruceta 371;6090;;6;UNID
06-140-100;CRUCETA 372;Cruceta 372;8190;;6;UNID
06-140-110;CRUCETA 387;Cruceta 387;8290;;6;UNID
06-140-120;CRUCETA 429;Cruceta 429;2540;;6;UNID
06-140-130;CRUCETA 433;Cruceta 433;5230;;6;UNID
06-140-140;CRUCETA 434;Cruceta 434;7330;;6;UNID
06-140-150;CRUCETA 437G;Cruceta 437G;4460;;6;UNID
06-140-160;CRUCETA 492;Cruceta 492;7560;;6;UNID
06-140-170;CRUCETA 534G;Cruceta 534G;240;;6;UNID
06-140-180;CRUCETA 964;Cruceta 964;4250;;6;UNID
06-400-010;FILTRO DE GASOLINA UNIVERSAL FF-061;Filtro De Gasolina Universal Ff-061;9650;;6;UNID
06-400-020;FILTRO DE GASOLINA UNIVERSAL FF-001;Filtro De Gasolina Universal Ff-001;4190;;6;UNID
06-400-030;EMP. 10 PZAS FILTRO DE GASOLINA UNIVERSAL FF-1518;Emp. 10 Pzas Filtro De Gasolina Universal Ff-1518;8600;;6;E10
